Plant Code,Product ID
PLANT_01,1600176
PLANT_01,1600141
PLANT_01,1600146
PLANT_01,1600036
PLANT_01,1600054
PLANT_01,1600089
PLANT_01,1600126
PLANT_01,1600017
PLANT_01,1600166
PLANT_01,1600084
PLANT_01,1600069
PLANT_01,1600150
PLANT_01,1600005
PLANT_01,1600127
PLANT_01,1600065
PLANT_01,1600043
PLANT_01,1600049
PLANT_01,1600098
PLANT_01,1600019
PLANT_01,1600025
PLANT_01,1600169
PLANT_01,1600020
PLANT_01,1600045
PLANT_01,1600194
PLANT_01,1600152
PLANT_01,1600103
PLANT_01,1600135
PLANT_01,1600106
PLANT_01,1600151
PLANT_01,1600034
PLANT_01,1600050
PLANT_01,1600102
PLANT_01,1600175
PLANT_01,1600120
PLANT_01,1600109
PLANT_01,1600078
PLANT_01,1600086
PLANT_01,1600041
PLANT_01,1600131
PLANT_01,1600144
PLANT_01,1600190
PLANT_01,1600018
PLANT_01,1600111
PLANT_01,1600100
PLANT_01,1600035
PLANT_01,1600184
PLANT_01,1600101
PLANT_01,1600094
PLANT_01,1600192
PLANT_01,1600083
PLANT_01,1600092
PLANT_01,1600147
PLANT_01,1600057
PLANT_01,1600129
PLANT_01,1600104
PLANT_01,1600143
PLANT_01,1600180
PLANT_01,1600096
PLANT_01,1600047
PLANT_01,1600189
PLANT_01,1600022
PLANT_01,1600139
PLANT_01,1600167
PLANT_01,1600198
PLANT_01,1600031
PLANT_01,1600060
PLANT_01,1600132
PLANT_01,1600015
PLANT_01,1600090
PLANT_01,1600072
PLANT_01,1600008
PLANT_01,1600010
PLANT_01,1600048
PLANT_01,1600024
PLANT_01,1600145
PLANT_01,1600160
PLANT_01,1600173
PLANT_01,1600188
PLANT_01,1600136
PLANT_01,1600051
PLANT_01,1600028
PLANT_01,1600125
PLANT_01,1600130
PLANT_01,1600079
PLANT_01,1600140
PLANT_01,1600118
PLANT_01,1600172
PLANT_01,1600164
PLANT_01,1600061
PLANT_01,1600113
PLANT_01,1600068
PLANT_01,1600133
PLANT_01,1600199
PLANT_01,1600186
PLANT_01,1600138
PLANT_01,1600001
PLANT_01,1600110
PLANT_01,1600007
PLANT_01,1600105
PLANT_01,1600182
PLANT_01,1600046
PLANT_01,1600042
PLANT_01,1600085
PLANT_01,1600027
PLANT_01,1600073
PLANT_01,1600142
PLANT_01,1600053
PLANT_01,1600197
PLANT_01,1600011
PLANT_01,1600116
PLANT_01,1600087
PLANT_01,1600148
PLANT_01,1600153
PLANT_01,1600012
PLANT_01,1600149
PLANT_01,1600122
PLANT_02,1600147
PLANT_02,1600128
PLANT_02,1600152
PLANT_02,1600067
PLANT_02,1600106
PLANT_02,1600017
PLANT_02,1600171
PLANT_02,1600098
PLANT_02,1600060
PLANT_02,1600069
PLANT_02,1600087
PLANT_02,1600124
PLANT_02,1600131
PLANT_02,1600198
PLANT_02,1600168
PLANT_02,1600072
PLANT_02,1600156
PLANT_02,1600123
PLANT_02,1600065
PLANT_02,1600064
PLANT_02,1600085
PLANT_02,1600053
PLANT_02,1600118
PLANT_02,1600021
PLANT_02,1600180
PLANT_02,1600037
PLANT_02,1600061
PLANT_02,1600047
PLANT_02,1600006
PLANT_02,1600138
PLANT_02,1600033
PLANT_02,1600038
PLANT_02,1600052
PLANT_02,1600010
PLANT_02,1600196
PLANT_02,1600193
PLANT_02,1600170
PLANT_02,1600056
PLANT_02,1600079
PLANT_02,1600100
PLANT_02,1600088
PLANT_02,1600001
PLANT_02,1600167
PLANT_02,1600089
PLANT_02,1600099
PLANT_02,1600140
PLANT_02,1600073
PLANT_02,1600034
PLANT_02,1600150
PLANT_02,1600189
PLANT_02,1600130
PLANT_02,1600075
PLANT_02,1600040
PLANT_02,1600105
PLANT_02,1600161
PLANT_02,1600117
PLANT_02,1600076
PLANT_02,1600162
PLANT_02,1600127
PLANT_02,1600003
PLANT_02,1600175
PLANT_02,1600011
PLANT_02,1600158
PLANT_02,1600190
PLANT_02,1600146
PLANT_02,1600078
PLANT_02,1600036
PLANT_02,1600113
PLANT_02,1600019
PLANT_02,1600136
PLANT_02,1600018
PLANT_02,1600084
PLANT_02,1600054
PLANT_02,1600095
PLANT_02,1600055
PLANT_02,1600195
PLANT_02,1600108
PLANT_02,1600046
PLANT_02,1600164
PLANT_02,1600012
PLANT_02,1600187
PLANT_02,1600002
PLANT_02,1600159
PLANT_02,1600125
PLANT_02,1600077
PLANT_02,1600121
PLANT_02,1600185
PLANT_02,1600126
PLANT_02,1600032
PLANT_02,1600035
PLANT_02,1600107
PLANT_02,1600008
PLANT_02,1600070
PLANT_02,1600134
PLANT_02,1600066
PLANT_02,1600050
PLANT_02,1600041
PLANT_02,1600111
PLANT_02,1600025
PLANT_02,1600174
PLANT_02,1600109
PLANT_02,1600004
PLANT_02,1600181
PLANT_02,1600015
PLANT_02,1600176
PLANT_02,1600120
PLANT_02,1600022
PLANT_02,1600122
PLANT_02,1600059
PLANT_02,1600042
PLANT_03,1600168
PLANT_03,1600186
PLANT_03,1600182
PLANT_03,1600025
PLANT_03,1600019
PLANT_03,1600115
PLANT_03,1600164
PLANT_03,1600183
PLANT_03,1600093
PLANT_03,1600124
PLANT_03,1600036
PLANT_03,1600000
PLANT_03,1600043
PLANT_03,1600053
PLANT_03,1600062
PLANT_03,1600114
PLANT_03,1600038
PLANT_03,1600165
PLANT_03,1600155
PLANT_03,1600100
PLANT_03,1600137
PLANT_03,1600096
PLANT_03,1600158
PLANT_03,1600187
PLANT_03,1600151
PLANT_03,1600179
PLANT_03,1600116
PLANT_03,1600176
PLANT_03,1600063
PLANT_03,1600090
PLANT_03,1600083
PLANT_03,1600180
PLANT_03,1600133
PLANT_03,1600126
PLANT_03,1600166
PLANT_03,1600016
PLANT_03,1600095
PLANT_03,1600152
PLANT_03,1600048
PLANT_03,1600098
PLANT_03,1600044
PLANT_03,1600113
PLANT_03,1600068
PLANT_03,1600080
PLANT_03,1600199
PLANT_03,1600020
PLANT_03,1600012
PLANT_03,1600072
PLANT_03,1600123
PLANT_03,1600127
PLANT_03,1600101
PLANT_03,1600175
PLANT_03,1600192
PLANT_03,1600196
PLANT_03,1600056
PLANT_03,1600061
PLANT_03,1600018
PLANT_03,1600142
PLANT_03,1600023
PLANT_03,1600084
PLANT_03,1600161
PLANT_03,1600069
PLANT_03,1600002
PLANT_03,1600132
PLANT_03,1600105
PLANT_03,1600073
PLANT_03,1600028
PLANT_03,1600037
PLANT_04,1600133
PLANT_04,1600017
PLANT_04,1600048
PLANT_04,1600136
PLANT_04,1600097
PLANT_04,1600030
PLANT_04,1600091
PLANT_04,1600046
PLANT_04,1600061
PLANT_04,1600164
PLANT_04,1600065
PLANT_04,1600110
PLANT_04,1600072
PLANT_04,1600039
PLANT_04,1600055
PLANT_04,1600187
PLANT_04,1600185
PLANT_04,1600120
PLANT_04,1600176
PLANT_04,1600073
PLANT_04,1600168
PLANT_04,1600051
PLANT_04,1600042
PLANT_04,1600119
PLANT_04,1600101
PLANT_04,1600144
PLANT_04,1600049
PLANT_04,1600156
PLANT_04,1600173
PLANT_04,1600013
PLANT_04,1600070
PLANT_04,1600035
PLANT_04,1600139
PLANT_04,1600107
PLANT_04,1600074
PLANT_04,1600083
PLANT_04,1600080
PLANT_04,1600024
PLANT_04,1600163
PLANT_04,1600105
PLANT_04,1600068
PLANT_04,1600157
PLANT_04,1600086
PLANT_04,1600064
PLANT_04,1600095
PLANT_04,1600023
PLANT_04,1600165
PLANT_04,1600122
PLANT_04,1600088
PLANT_04,1600026
PLANT_04,1600094
PLANT_04,1600113
PLANT_04,1600043
PLANT_04,1600063
PLANT_04,1600127
PLANT_04,1600171
PLANT_04,1600079
PLANT_04,1600060
PLANT_04,1600081
PLANT_04,1600029
PLANT_04,1600008
PLANT_04,1600005
PLANT_04,1600027
PLANT_04,1600100
PLANT_04,1600131
PLANT_04,1600199
PLANT_04,1600099
PLANT_04,1600143
PLANT_04,1600141
PLANT_04,1600135
PLANT_04,1600058
PLANT_04,1600044
PLANT_04,1600148
PLANT_04,1600096
PLANT_04,1600175
PLANT_04,1600192
PLANT_04,1600015
PLANT_04,1600089
PLANT_04,1600087
PLANT_04,1600104
PLANT_04,1600198
PLANT_04,1600014
PLANT_04,1600121
PLANT_04,1600180
PLANT_04,1600010
PLANT_04,1600045
PLANT_04,1600040
PLANT_04,1600177
PLANT_04,1600021
PLANT_04,1600041
PLANT_04,1600001
PLANT_04,1600011
PLANT_04,1600194
PLANT_04,1600067
PLANT_04,1600196
PLANT_04,1600161
PLANT_04,1600106
PLANT_04,1600123
PLANT_04,1600112
PLANT_04,1600155
PLANT_04,1600103
PLANT_04,1600140
PLANT_04,1600181
PLANT_04,1600116
PLANT_04,1600195
PLANT_04,1600031
PLANT_04,1600111
PLANT_04,1600154
PLANT_04,1600019
PLANT_04,1600006
PLANT_04,1600193
PLANT_04,1600197
PLANT_04,1600059
PLANT_04,1600149
PLANT_04,1600093
PLANT_04,1600132
PLANT_04,1600028
PLANT_04,1600022
PLANT_04,1600077
PLANT_04,1600170
PLANT_04,1600075
PLANT_04,1600179
PLANT_04,1600129
PLANT_04,1600036
PLANT_05,1600000
PLANT_05,1600020
PLANT_05,1600190
PLANT_05,1600141
PLANT_05,1600009
PLANT_05,1600188
PLANT_05,1600149
PLANT_05,1600144
PLANT_05,1600015
PLANT_05,1600128
PLANT_05,1600116
PLANT_05,1600168
PLANT_05,1600145
PLANT_05,1600184
PLANT_05,1600195
PLANT_05,1600109
PLANT_05,1600033
PLANT_05,1600139
PLANT_05,1600092
PLANT_05,1600018
PLANT_05,1600094
PLANT_05,1600119
PLANT_05,1600022
PLANT_05,1600007
PLANT_05,1600127
PLANT_05,1600135
PLANT_05,1600181
PLANT_05,1600121
PLANT_05,1600102
PLANT_05,1600008
PLANT_05,1600117
PLANT_05,1600043
PLANT_05,1600097
PLANT_05,1600123
PLANT_05,1600079
PLANT_05,1600035
PLANT_05,1600199
PLANT_05,1600049
PLANT_05,1600185
PLANT_05,1600150
PLANT_05,1600187
PLANT_05,1600175
PLANT_05,1600178
PLANT_05,1600194
PLANT_05,1600142
PLANT_05,1600134
PLANT_05,1600075
PLANT_05,1600132
PLANT_05,1600013
PLANT_05,1600036
PLANT_05,1600027
PLANT_05,1600166
PLANT_05,1600072
PLANT_05,1600085
PLANT_05,1600010
PLANT_05,1600111
PLANT_05,1600091
PLANT_05,1600002
PLANT_05,1600087
PLANT_05,1600131
PLANT_05,1600042
PLANT_05,1600006
PLANT_06,1600011
PLANT_06,1600135
PLANT_06,1600089
PLANT_06,1600035
PLANT_06,1600090
PLANT_06,1600141
PLANT_06,1600084
PLANT_06,1600042
PLANT_06,1600152
PLANT_06,1600174
PLANT_06,1600136
PLANT_06,1600033
PLANT_06,1600166
PLANT_06,1600047
PLANT_06,1600157
PLANT_06,1600002
PLANT_06,1600030
PLANT_06,1600183
PLANT_06,1600071
PLANT_06,1600127
PLANT_06,1600075
PLANT_06,1600161
PLANT_06,1600126
PLANT_06,1600057
PLANT_06,1600146
PLANT_06,1600013
PLANT_06,1600062
PLANT_06,1600199
PLANT_06,1600078
PLANT_06,1600114
PLANT_06,1600132
PLANT_06,1600027
PLANT_06,1600131
PLANT_06,1600188
PLANT_06,1600120
PLANT_06,1600117
PLANT_06,1600189
PLANT_06,1600082
PLANT_06,1600077
PLANT_06,1600004
PLANT_06,1600147
PLANT_06,1600133
PLANT_06,1600049
PLANT_06,1600154
PLANT_06,1600086
PLANT_06,1600130
PLANT_06,1600107
PLANT_06,1600046
PLANT_06,1600072
PLANT_06,1600119
PLANT_06,1600006
PLANT_06,1600081
PLANT_06,1600059
PLANT_06,1600029
PLANT_06,1600140
PLANT_06,1600172
PLANT_06,1600171
PLANT_06,1600012
PLANT_06,1600056
PLANT_06,1600060
PLANT_06,1600195
PLANT_06,1600039
PLANT_06,1600190
PLANT_06,1600052
PLANT_06,1600083
PLANT_06,1600164
PLANT_06,1600129
PLANT_06,1600185
PLANT_06,1600106
PLANT_06,1600076
PLANT_06,1600050
PLANT_06,1600181
PLANT_06,1600143
PLANT_06,1600170
PLANT_06,1600191
PLANT_06,1600044
PLANT_06,1600009
PLANT_06,1600099
PLANT_06,1600139
PLANT_06,1600109
PLANT_06,1600177
PLANT_06,1600019
PLANT_06,1600100
PLANT_06,1600018
PLANT_06,1600023
PLANT_07,1600001
PLANT_07,1600107
PLANT_07,1600063
PLANT_07,1600117
PLANT_07,1600186
PLANT_07,1600164
PLANT_07,1600111
PLANT_07,1600013
PLANT_07,1600091
PLANT_07,1600194
PLANT_07,1600177
PLANT_07,1600057
PLANT_07,1600104
PLANT_07,1600075
PLANT_07,1600145
PLANT_07,1600022
PLANT_07,1600178
PLANT_07,1600189
PLANT_07,1600168
PLANT_07,1600128
PLANT_07,1600021
PLANT_07,1600050
PLANT_07,1600148
PLANT_07,1600084
PLANT_07,1600132
PLANT_07,1600155
PLANT_07,1600048
PLANT_07,1600066
PLANT_07,1600039
PLANT_07,1600014
PLANT_07,1600165
PLANT_07,1600162
PLANT_07,1600114
PLANT_07,1600167
PLANT_07,1600082
PLANT_07,1600028
PLANT_07,1600152
PLANT_07,1600139
PLANT_07,1600141
PLANT_07,1600175
PLANT_07,1600153
PLANT_07,1600085
PLANT_07,1600056
PLANT_07,1600172
PLANT_07,1600144
PLANT_07,1600127
PLANT_07,1600096
PLANT_07,1600088
PLANT_07,1600015
PLANT_07,1600100
PLANT_07,1600060
PLANT_07,1600045
PLANT_07,1600143
PLANT_07,1600135
PLANT_07,1600126
PLANT_07,1600054
PLANT_07,1600070
PLANT_07,1600131
PLANT_07,1600092
PLANT_07,1600199
PLANT_07,1600098
PLANT_07,1600151
PLANT_07,1600161
PLANT_07,1600108
PLANT_07,1600071
PLANT_07,1600115
PLANT_07,1600134
PLANT_07,1600078
PLANT_07,1600090
PLANT_07,1600138
PLANT_07,1600130
PLANT_07,1600174
PLANT_07,1600026
PLANT_07,1600176
PLANT_07,1600121
PLANT_07,1600047
PLANT_07,1600038
PLANT_07,1600067
PLANT_07,1600093
PLANT_07,1600083
PLANT_07,1600003
PLANT_07,1600068
PLANT_07,1600188
PLANT_07,1600192
PLANT_07,1600173
PLANT_07,1600051
PLANT_07,1600072
PLANT_07,1600124
PLANT_07,1600198
PLANT_08,1600135
PLANT_08,1600155
PLANT_08,1600160
PLANT_08,1600161
PLANT_08,1600056
PLANT_08,1600163
PLANT_08,1600051
PLANT_08,1600071
PLANT_08,1600086
PLANT_08,1600044
PLANT_08,1600057
PLANT_08,1600097
PLANT_08,1600089
PLANT_08,1600002
PLANT_08,1600101
PLANT_08,1600129
PLANT_08,1600169
PLANT_08,1600010
PLANT_08,1600053
PLANT_08,1600063
PLANT_08,1600190
PLANT_08,1600050
PLANT_08,1600162
PLANT_08,1600199
PLANT_08,1600177
PLANT_08,1600067
PLANT_08,1600042
PLANT_08,1600144
PLANT_08,1600103
PLANT_08,1600043
PLANT_08,1600109
PLANT_08,1600148
PLANT_08,1600073
PLANT_08,1600168
PLANT_08,1600047
PLANT_08,1600122
PLANT_08,1600140
PLANT_08,1600059
PLANT_08,1600069
PLANT_08,1600033
PLANT_08,1600133
PLANT_08,1600077
PLANT_08,1600107
PLANT_08,1600009
PLANT_08,1600016
PLANT_08,1600171
PLANT_08,1600180
PLANT_08,1600004
PLANT_08,1600189
PLANT_08,1600175
PLANT_08,1600027
PLANT_08,1600108
PLANT_08,1600023
PLANT_08,1600019
PLANT_08,1600192
PLANT_08,1600115
PLANT_08,1600076
PLANT_08,1600034
PLANT_08,1600091
PLANT_08,1600094
PLANT_08,1600021
PLANT_08,1600152
PLANT_08,1600090
PLANT_08,1600170
PLANT_08,1600125
PLANT_08,1600104
PLANT_08,1600145
PLANT_08,1600159
PLANT_08,1600150
PLANT_08,1600188
PLANT_08,1600172
PLANT_08,1600072
PLANT_08,1600054
PLANT_08,1600013
PLANT_08,1600040
PLANT_08,1600083
PLANT_08,1600165
PLANT_08,1600082
PLANT_08,1600087
PLANT_08,1600058
PLANT_08,1600017
PLANT_08,1600075
PLANT_08,1600136
PLANT_08,1600061
PLANT_09,1600177
PLANT_09,1600113
PLANT_09,1600069
PLANT_09,1600001
PLANT_09,1600036
PLANT_09,1600052
PLANT_09,1600039
PLANT_09,1600119
PLANT_09,1600115
PLANT_09,1600120
PLANT_09,1600172
PLANT_09,1600046
PLANT_09,1600114
PLANT_09,1600000
PLANT_09,1600103
PLANT_09,1600106
PLANT_09,1600169
PLANT_09,1600082
PLANT_09,1600152
PLANT_09,1600140
PLANT_09,1600044
PLANT_09,1600037
PLANT_09,1600032
PLANT_09,1600179
PLANT_09,1600096
PLANT_09,1600038
PLANT_09,1600024
PLANT_09,1600048
PLANT_09,1600045
PLANT_09,1600133
PLANT_09,1600197
PLANT_09,1600074
PLANT_09,1600054
PLANT_09,1600003
PLANT_09,1600021
PLANT_09,1600053
PLANT_09,1600061
PLANT_09,1600134
PLANT_09,1600078
PLANT_09,1600090
PLANT_09,1600004
PLANT_09,1600079
PLANT_09,1600162
PLANT_09,1600005
PLANT_09,1600076
PLANT_09,1600089
PLANT_09,1600196
PLANT_09,1600068
PLANT_09,1600025
PLANT_09,1600167
PLANT_09,1600192
PLANT_09,1600015
PLANT_09,1600028
PLANT_09,1600180
PLANT_09,1600008
PLANT_09,1600016
PLANT_09,1600107
PLANT_09,1600163
PLANT_09,1600131
PLANT_09,1600145
PLANT_09,1600123
PLANT_09,1600034
PLANT_09,1600020
PLANT_09,1600165
PLANT_09,1600148
PLANT_09,1600108
PLANT_09,1600058
PLANT_09,1600151
PLANT_09,1600055
PLANT_10,1600063
PLANT_10,1600199
PLANT_10,1600170
PLANT_10,1600138
PLANT_10,1600130
PLANT_10,1600143
PLANT_10,1600085
PLANT_10,1600045
PLANT_10,1600187
PLANT_10,1600110
PLANT_10,1600029
PLANT_10,1600043
PLANT_10,1600032
PLANT_10,1600139
PLANT_10,1600040
PLANT_10,1600101
PLANT_10,1600109
PLANT_10,1600196
PLANT_10,1600144
PLANT_10,1600082
PLANT_10,1600072
PLANT_10,1600002
PLANT_10,1600182
PLANT_10,1600056
PLANT_10,1600134
PLANT_10,1600028
PLANT_10,1600195
PLANT_10,1600114
PLANT_10,1600190
PLANT_10,1600163
PLANT_10,1600025
PLANT_10,1600013
PLANT_10,1600178
PLANT_10,1600148
PLANT_10,1600176
PLANT_10,1600153
PLANT_10,1600102
PLANT_10,1600174
PLANT_10,1600145
PLANT_10,1600140
PLANT_10,1600136
PLANT_10,1600133
PLANT_10,1600100
PLANT_10,1600096
PLANT_10,1600057
PLANT_10,1600161
PLANT_10,1600107
PLANT_10,1600018
PLANT_10,1600008
PLANT_10,1600027
PLANT_10,1600126
PLANT_10,1600033
PLANT_10,1600083
PLANT_10,1600051
PLANT_10,1600021
PLANT_10,1600048
PLANT_10,1600003
PLANT_10,1600071
PLANT_10,1600099
PLANT_10,1600079
PLANT_11,1600161
PLANT_11,1600012
PLANT_11,1600158
PLANT_11,1600031
PLANT_11,1600055
PLANT_11,1600061
PLANT_11,1600197
PLANT_11,1600147
PLANT_11,1600193
PLANT_11,1600139
PLANT_11,1600180
PLANT_11,1600135
PLANT_11,1600005
PLANT_11,1600020
PLANT_11,1600075
PLANT_11,1600018
PLANT_11,1600164
PLANT_11,1600080
PLANT_11,1600097
PLANT_11,1600144
PLANT_11,1600025
PLANT_11,1600110
PLANT_11,1600116
PLANT_11,1600095
PLANT_11,1600138
PLANT_11,1600101
PLANT_11,1600074
PLANT_11,1600021
PLANT_11,1600029
PLANT_11,1600153
PLANT_11,1600145
PLANT_11,1600041
PLANT_11,1600002
PLANT_11,1600149
PLANT_11,1600098
PLANT_11,1600151
PLANT_11,1600131
PLANT_11,1600033
PLANT_11,1600001
PLANT_11,1600189
PLANT_11,1600015
PLANT_11,1600134
PLANT_11,1600088
PLANT_11,1600048
PLANT_11,1600132
PLANT_11,1600171
PLANT_11,1600103
PLANT_11,1600065
PLANT_11,1600060
PLANT_11,1600172
PLANT_11,1600141
PLANT_11,1600191
PLANT_11,1600045
PLANT_11,1600079
PLANT_11,1600070
PLANT_11,1600162
PLANT_11,1600063
PLANT_11,1600100
PLANT_11,1600046
PLANT_11,1600165
PLANT_11,1600086
PLANT_11,1600185
PLANT_11,1600014
PLANT_11,1600125
PLANT_11,1600044
PLANT_11,1600156
PLANT_11,1600114
PLANT_11,1600113
PLANT_11,1600027
PLANT_11,1600036
PLANT_11,1600168
PLANT_11,1600023
PLANT_11,1600148
PLANT_11,1600017
PLANT_11,1600186
PLANT_11,1600170
PLANT_11,1600038
PLANT_11,1600049
PLANT_11,1600040
PLANT_11,1600072
PLANT_11,1600089
PLANT_11,1600030
PLANT_11,1600108
PLANT_11,1600053
PLANT_11,1600102
PLANT_11,1600129
PLANT_11,1600154
PLANT_11,1600091
PLANT_11,1600006
PLANT_11,1600122
PLANT_11,1600190
PLANT_11,1600176
PLANT_11,1600121
PLANT_11,1600032
PLANT_11,1600199
PLANT_11,1600142
PLANT_11,1600179
PLANT_11,1600064
PLANT_11,1600163
PLANT_11,1600056
PLANT_11,1600007
PLANT_11,1600119
PLANT_11,1600057
PLANT_11,1600039
PLANT_11,1600174
PLANT_11,1600052
PLANT_11,1600195
PLANT_11,1600198
PLANT_11,1600182
PLANT_11,1600013
PLANT_11,1600059
PLANT_11,1600083
PLANT_11,1600073
PLANT_11,1600082
PLANT_11,1600167
PLANT_11,1600058
PLANT_11,1600096
PLANT_11,1600076
PLANT_11,1600024
PLANT_11,1600181
PLANT_12,1600184
PLANT_12,1600024
PLANT_12,1600131
PLANT_12,1600005
PLANT_12,1600082
PLANT_12,1600052
PLANT_12,1600095
PLANT_12,1600193
PLANT_12,1600070
PLANT_12,1600145
PLANT_12,1600084
PLANT_12,1600133
PLANT_12,1600090
PLANT_12,1600027
PLANT_12,1600074
PLANT_12,1600085
PLANT_12,1600081
PLANT_12,1600128
PLANT_12,1600166
PLANT_12,1600049
PLANT_12,1600020
PLANT_12,1600018
PLANT_12,1600086
PLANT_12,1600105
PLANT_12,1600188
PLANT_12,1600059
PLANT_12,1600142
PLANT_12,1600096
PLANT_12,1600112
PLANT_12,1600127
PLANT_12,1600164
PLANT_12,1600004
PLANT_12,1600079
PLANT_12,1600121
PLANT_12,1600190
PLANT_12,1600065
PLANT_12,1600199
PLANT_12,1600025
PLANT_12,1600194
PLANT_12,1600012
PLANT_12,1600029
PLANT_12,1600137
PLANT_12,1600058
PLANT_12,1600177
PLANT_12,1600118
PLANT_12,1600044
PLANT_12,1600116
PLANT_12,1600039
PLANT_12,1600182
PLANT_12,1600009
PLANT_12,1600030
PLANT_12,1600176
PLANT_12,1600150
PLANT_12,1600156
PLANT_12,1600153
PLANT_12,1600043
PLANT_12,1600042
PLANT_12,1600198
PLANT_12,1600160
PLANT_12,1600066
PLANT_12,1600143
PLANT_12,1600063
PLANT_12,1600062
PLANT_12,1600124
PLANT_12,1600069
PLANT_12,1600091
PLANT_12,1600196
PLANT_12,1600047
PLANT_12,1600117
PLANT_12,1600126
PLANT_12,1600048
PLANT_12,1600141
PLANT_12,1600122
PLANT_12,1600078
PLANT_12,1600169
PLANT_12,1600014
PLANT_12,1600006
PLANT_12,1600023
PLANT_12,1600138
PLANT_12,1600174
PLANT_12,1600067
PLANT_12,1600152
PLANT_12,1600148
PLANT_12,1600129
PLANT_12,1600072
PLANT_12,1600179
PLANT_12,1600195
PLANT_12,1600155
PLANT_12,1600123
PLANT_12,1600101
PLANT_12,1600113
PLANT_12,1600192
PLANT_12,1600191
PLANT_12,1600186
PLANT_12,1600000
PLANT_12,1600060
PLANT_12,1600092
PLANT_12,1600159
PLANT_12,1600077
PLANT_12,1600003
PLANT_12,1600104
PLANT_12,1600075
PLANT_12,1600017
PLANT_12,1600151
PLANT_12,1600180
PLANT_12,1600189
PLANT_12,1600088
PLANT_12,1600107
PLANT_12,1600051
PLANT_12,1600033
PLANT_13,1600011
PLANT_13,1600084
PLANT_13,1600175
PLANT_13,1600029
PLANT_13,1600194
PLANT_13,1600144
PLANT_13,1600079
PLANT_13,1600030
PLANT_13,1600091
PLANT_13,1600155
PLANT_13,1600005
PLANT_13,1600095
PLANT_13,1600133
PLANT_13,1600157
PLANT_13,1600184
PLANT_13,1600048
PLANT_13,1600199
PLANT_13,1600150
PLANT_13,1600153
PLANT_13,1600017
PLANT_13,1600114
PLANT_13,1600101
PLANT_13,1600164
PLANT_13,1600000
PLANT_13,1600137
PLANT_13,1600019
PLANT_13,1600043
PLANT_13,1600004
PLANT_13,1600068
PLANT_13,1600020
PLANT_13,1600032
PLANT_13,1600119
PLANT_13,1600060
PLANT_13,1600023
PLANT_13,1600130
PLANT_13,1600181
PLANT_13,1600127
PLANT_13,1600154
PLANT_13,1600198
PLANT_13,1600152
PLANT_13,1600189
PLANT_13,1600172
PLANT_13,1600106
PLANT_13,1600046
PLANT_13,1600064
PLANT_13,1600116
PLANT_13,1600024
PLANT_13,1600104
PLANT_13,1600065
PLANT_13,1600069
PLANT_13,1600056
PLANT_13,1600044
PLANT_13,1600096
PLANT_13,1600196
PLANT_13,1600081
PLANT_13,1600040
PLANT_13,1600122
PLANT_13,1600034
PLANT_13,1600160
PLANT_13,1600047
PLANT_14,1600086
PLANT_14,1600030
PLANT_14,1600094
PLANT_14,1600192
PLANT_14,1600133
PLANT_14,1600036
PLANT_14,1600109
PLANT_14,1600114
PLANT_14,1600127
PLANT_14,1600164
PLANT_14,1600061
PLANT_14,1600024
PLANT_14,1600179
PLANT_14,1600120
PLANT_14,1600075
PLANT_14,1600137
PLANT_14,1600048
PLANT_14,1600081
PLANT_14,1600118
PLANT_14,1600116
PLANT_14,1600033
PLANT_14,1600089
PLANT_14,1600015
PLANT_14,1600105
PLANT_14,1600167
PLANT_14,1600003
PLANT_14,1600172
PLANT_14,1600009
PLANT_14,1600021
PLANT_14,1600066
PLANT_14,1600126
PLANT_14,1600190
PLANT_14,1600038
PLANT_14,1600078
PLANT_14,1600091
PLANT_14,1600062
PLANT_14,1600032
PLANT_14,1600014
PLANT_14,1600165
PLANT_14,1600008
PLANT_14,1600011
PLANT_14,1600006
PLANT_14,1600041
PLANT_14,1600052
PLANT_14,1600035
PLANT_14,1600046
PLANT_14,1600071
PLANT_14,1600083
PLANT_14,1600069
PLANT_14,1600185
PLANT_14,1600182
PLANT_14,1600053
PLANT_14,1600199
PLANT_14,1600063
PLANT_14,1600039
PLANT_14,1600163
PLANT_14,1600154
PLANT_14,1600026
PLANT_14,1600088
PLANT_14,1600128
PLANT_14,1600191
PLANT_14,1600123
PLANT_15,1600114
PLANT_15,1600085
PLANT_15,1600177
PLANT_15,1600183
PLANT_15,1600120
PLANT_15,1600132
PLANT_15,1600002
PLANT_15,1600095
PLANT_15,1600167
PLANT_15,1600005
PLANT_15,1600108
PLANT_15,1600009
PLANT_15,1600018
PLANT_15,1600124
PLANT_15,1600106
PLANT_15,1600105
PLANT_15,1600022
PLANT_15,1600192
PLANT_15,1600051
PLANT_15,1600170
PLANT_15,1600080
PLANT_15,1600152
PLANT_15,1600180
PLANT_15,1600065
PLANT_15,1600038
PLANT_15,1600102
PLANT_15,1600076
PLANT_15,1600157
PLANT_15,1600055
PLANT_15,1600058
PLANT_15,1600184
PLANT_15,1600086
PLANT_15,1600010
PLANT_15,1600048
PLANT_15,1600096
PLANT_15,1600036
PLANT_15,1600143
PLANT_15,1600100
PLANT_15,1600013
PLANT_15,1600020
PLANT_15,1600072
PLANT_15,1600146
PLANT_15,1600151
PLANT_15,1600145
PLANT_15,1600141
PLANT_15,1600155
PLANT_15,1600179
PLANT_15,1600035
PLANT_15,1600090
PLANT_15,1600094
PLANT_15,1600081
PLANT_15,1600136
PLANT_15,1600028
PLANT_15,1600158
PLANT_15,1600129
PLANT_15,1600070
PLANT_15,1600089
PLANT_15,1600164
PLANT_15,1600119
PLANT_15,1600003
PLANT_15,1600026
PLANT_15,1600126
PLANT_15,1600034
PLANT_15,1600104
PLANT_15,1600168
PLANT_15,1600041
PLANT_15,1600099
PLANT_15,1600004
PLANT_15,1600156
PLANT_15,1600040
PLANT_15,1600134
PLANT_15,1600159
PLANT_15,1600122
PLANT_15,1600082
PLANT_15,1600045
PLANT_15,1600007
PLANT_15,1600178
PLANT_15,1600073
PLANT_15,1600169
PLANT_15,1600198
PLANT_15,1600012
PLANT_15,1600118
PLANT_15,1600053
PLANT_15,1600150
PLANT_15,1600197
PLANT_15,1600172
PLANT_15,1600173
PLANT_15,1600037
PLANT_15,1600067
PLANT_15,1600144
PLANT_15,1600154
PLANT_15,1600174
PLANT_15,1600061
PLANT_15,1600161
PLANT_15,1600016
PLANT_15,1600066
PLANT_15,1600181
PLANT_15,1600050
PLANT_15,1600079
PLANT_15,1600165
PLANT_15,1600194
PLANT_15,1600113
PLANT_15,1600039
PLANT_15,1600123
PLANT_15,1600047
PLANT_15,1600069
PLANT_15,1600059
PLANT_15,1600140
PLANT_15,1600019
PLANT_15,1600162
PLANT_15,1600111
PLANT_15,1600176
PLANT_15,1600149
PLANT_15,1600125
PLANT_15,1600017
PLANT_15,1600103
PLANT_15,1600074
PLANT_15,1600130
PLANT_15,1600191
PLANT_15,1600063
PLANT_15,1600006
PLANT_15,1600186
PLANT_15,1600107
PLANT_15,1600030
PLANT_15,1600137
PLANT_15,1600112
PLANT_15,1600087
PLANT_15,1600033
PLANT_15,1600014
PLANT_15,1600024
PLANT_15,1600142
PLANT_15,1600195
PLANT_16,1600170
PLANT_16,1600065
PLANT_16,1600152
PLANT_16,1600188
PLANT_16,1600025
PLANT_16,1600072
PLANT_16,1600142
PLANT_16,1600003
PLANT_16,1600063
PLANT_16,1600051
PLANT_16,1600123
PLANT_16,1600183
PLANT_16,1600120
PLANT_16,1600001
PLANT_16,1600173
PLANT_16,1600136
PLANT_16,1600071
PLANT_16,1600165
PLANT_16,1600175
PLANT_16,1600004
PLANT_16,1600186
PLANT_16,1600138
PLANT_16,1600149
PLANT_16,1600146
PLANT_16,1600068
PLANT_16,1600101
PLANT_16,1600155
PLANT_16,1600006
PLANT_16,1600193
PLANT_16,1600130
PLANT_16,1600057
PLANT_16,1600008
PLANT_16,1600189
PLANT_16,1600108
PLANT_16,1600121
PLANT_16,1600034
PLANT_16,1600161
PLANT_16,1600094
PLANT_16,1600144
PLANT_16,1600163
PLANT_16,1600055
PLANT_16,1600196
PLANT_16,1600010
PLANT_16,1600141
PLANT_16,1600114
PLANT_16,1600044
PLANT_16,1600095
PLANT_16,1600137
PLANT_16,1600107
PLANT_16,1600172
PLANT_16,1600017
PLANT_16,1600156
PLANT_16,1600016
PLANT_16,1600103
PLANT_16,1600042
PLANT_16,1600086
PLANT_16,1600151
PLANT_16,1600018
PLANT_16,1600110
PLANT_16,1600033
PLANT_16,1600154
PLANT_16,1600053
PLANT_16,1600124
PLANT_16,1600109
PLANT_16,1600194
PLANT_16,1600190
PLANT_16,1600111
PLANT_16,1600061
PLANT_16,1600125
PLANT_16,1600105
PLANT_16,1600067
PLANT_16,1600075
PLANT_16,1600115
PLANT_16,1600028
PLANT_16,1600027
PLANT_16,1600041
PLANT_16,1600043
PLANT_16,1600032
PLANT_16,1600113
PLANT_16,1600054
PLANT_16,1600085
PLANT_16,1600009
PLANT_16,1600035
PLANT_16,1600000
PLANT_16,1600177
PLANT_16,1600100
PLANT_16,1600037
PLANT_16,1600097
PLANT_16,1600133
PLANT_16,1600174
PLANT_16,1600182
PLANT_16,1600197
PLANT_16,1600022
PLANT_16,1600132
PLANT_16,1600118
PLANT_16,1600024
PLANT_16,1600179
PLANT_16,1600150
PLANT_16,1600166
PLANT_16,1600098
PLANT_16,1600087
PLANT_16,1600089
PLANT_16,1600011
PLANT_16,1600052
PLANT_16,1600038
PLANT_16,1600013
PLANT_16,1600135
PLANT_16,1600198
PLANT_16,1600049
PLANT_16,1600048
PLANT_16,1600119
PLANT_16,1600023
PLANT_16,1600112
PLANT_16,1600073
PLANT_16,1600045
PLANT_16,1600082
PLANT_16,1600050
PLANT_16,1600031
PLANT_16,1600116
PLANT_16,1600020
PLANT_16,1600074
PLANT_16,1600104
PLANT_16,1600117
PLANT_16,1600176
PLANT_16,1600106
PLANT_16,1600127
PLANT_16,1600005
PLANT_16,1600167
PLANT_16,1600160
PLANT_16,1600046
PLANT_17,1600167
PLANT_17,1600070
PLANT_17,1600068
PLANT_17,1600139
PLANT_17,1600054
PLANT_17,1600074
PLANT_17,1600112
PLANT_17,1600044
PLANT_17,1600016
PLANT_17,1600069
PLANT_17,1600179
PLANT_17,1600081
PLANT_17,1600013
PLANT_17,1600165
PLANT_17,1600109
PLANT_17,1600101
PLANT_17,1600090
PLANT_17,1600023
PLANT_17,1600150
PLANT_17,1600027
PLANT_17,1600187
PLANT_17,1600031
PLANT_17,1600084
PLANT_17,1600135
PLANT_17,1600047
PLANT_17,1600129
PLANT_17,1600071
PLANT_17,1600061
PLANT_17,1600048
PLANT_17,1600157
PLANT_17,1600190
PLANT_17,1600092
PLANT_17,1600149
PLANT_17,1600085
PLANT_17,1600123
PLANT_17,1600163
PLANT_17,1600137
PLANT_17,1600091
PLANT_17,1600089
PLANT_17,1600086
PLANT_17,1600098
PLANT_17,1600015
PLANT_17,1600033
PLANT_17,1600132
PLANT_17,1600053
PLANT_17,1600024
PLANT_17,1600018
PLANT_17,1600196
PLANT_17,1600040
PLANT_17,1600142
PLANT_17,1600050
PLANT_17,1600028
PLANT_17,1600148
PLANT_17,1600181
PLANT_17,1600141
PLANT_17,1600154
PLANT_17,1600055
PLANT_17,1600066
PLANT_17,1600119
PLANT_17,1600062
PLANT_17,1600127
PLANT_17,1600021
PLANT_17,1600103
PLANT_17,1600113
PLANT_17,1600125
PLANT_17,1600143
PLANT_17,1600133
PLANT_17,1600130
PLANT_17,1600131
PLANT_17,1600199
PLANT_17,1600063
PLANT_17,1600170
PLANT_17,1600152
PLANT_17,1600186
PLANT_17,1600191
PLANT_17,1600029
PLANT_17,1600195
PLANT_17,1600051
PLANT_17,1600174
PLANT_17,1600001
PLANT_17,1600026
PLANT_17,1600065
PLANT_17,1600194
PLANT_17,1600145
PLANT_17,1600120
PLANT_17,1600162
PLANT_17,1600197
PLANT_17,1600041
PLANT_17,1600189
PLANT_17,1600004
PLANT_17,1600006
PLANT_17,1600118
PLANT_17,1600072
PLANT_17,1600083
PLANT_17,1600078
PLANT_17,1600079
PLANT_17,1600161
PLANT_17,1600178
PLANT_17,1600096
PLANT_17,1600160
PLANT_17,1600104
PLANT_17,1600124
PLANT_17,1600082
PLANT_17,1600087
PLANT_17,1600097
PLANT_17,1600046
PLANT_17,1600080
PLANT_17,1600075
PLANT_17,1600034
PLANT_17,1600093
PLANT_17,1600180
PLANT_18,1600153
PLANT_18,1600016
PLANT_18,1600134
PLANT_18,1600116
PLANT_18,1600166
PLANT_18,1600023
PLANT_18,1600067
PLANT_18,1600169
PLANT_18,1600197
PLANT_18,1600108
PLANT_18,1600095
PLANT_18,1600062
PLANT_18,1600100
PLANT_18,1600099
PLANT_18,1600026
PLANT_18,1600085
PLANT_18,1600079
PLANT_18,1600074
PLANT_18,1600103
PLANT_18,1600150
PLANT_18,1600171
PLANT_18,1600102
PLANT_18,1600154
PLANT_18,1600057
PLANT_18,1600021
PLANT_18,1600183
PLANT_18,1600106
PLANT_18,1600035
PLANT_18,1600073
PLANT_18,1600022
PLANT_18,1600025
PLANT_18,1600186
PLANT_18,1600112
PLANT_18,1600178
PLANT_18,1600047
PLANT_18,1600048
PLANT_18,1600168
PLANT_18,1600089
PLANT_18,1600045
PLANT_18,1600123
PLANT_18,1600005
PLANT_18,1600012
PLANT_18,1600044
PLANT_18,1600122
PLANT_18,1600188
PLANT_18,1600131
PLANT_18,1600028
PLANT_18,1600071
PLANT_18,1600165
PLANT_18,1600107
PLANT_18,1600029
PLANT_18,1600136
PLANT_18,1600172
PLANT_18,1600132
PLANT_18,1600180
PLANT_18,1600069
PLANT_18,1600033
PLANT_18,1600158
PLANT_18,1600184
PLANT_18,1600050
PLANT_18,1600173
PLANT_18,1600054
PLANT_18,1600091
PLANT_18,1600040
PLANT_18,1600017
PLANT_18,1600051
PLANT_18,1600114
PLANT_18,1600115
PLANT_18,1600135
PLANT_18,1600164
PLANT_18,1600190
PLANT_18,1600013
PLANT_18,1600196
PLANT_18,1600118
PLANT_18,1600094
PLANT_18,1600130
PLANT_18,1600143
PLANT_18,1600189
PLANT_18,1600027
PLANT_18,1600024
PLANT_18,1600193
PLANT_18,1600177
PLANT_18,1600156
PLANT_18,1600083
PLANT_18,1600020
PLANT_18,1600117
PLANT_18,1600104
PLANT_18,1600090
PLANT_18,1600031
PLANT_18,1600060
PLANT_18,1600160
PLANT_18,1600019
PLANT_18,1600170
PLANT_18,1600121
PLANT_18,1600036
PLANT_18,1600055
PLANT_18,1600111
PLANT_18,1600127
PLANT_18,1600148
PLANT_18,1600163
PLANT_18,1600042
PLANT_18,1600086
PLANT_18,1600015
PLANT_18,1600110
PLANT_18,1600126
PLANT_18,1600151
PLANT_18,1600175
PLANT_18,1600128
PLANT_18,1600000
PLANT_18,1600187
PLANT_18,1600129
PLANT_18,1600056
PLANT_18,1600191
PLANT_18,1600065
PLANT_18,1600082
PLANT_19,1600046
PLANT_19,1600029
PLANT_19,1600087
PLANT_19,1600050
PLANT_19,1600080
PLANT_19,1600073
PLANT_19,1600055
PLANT_19,1600057
PLANT_19,1600028
PLANT_19,1600079
PLANT_19,1600123
PLANT_19,1600052
PLANT_19,1600144
PLANT_19,1600130
PLANT_19,1600022
PLANT_19,1600165
PLANT_19,1600003
PLANT_19,1600005
PLANT_19,1600154
PLANT_19,1600016
PLANT_19,1600153
PLANT_19,1600027
PLANT_19,1600049
PLANT_19,1600170
PLANT_19,1600089
PLANT_19,1600174
PLANT_19,1600058
PLANT_19,1600178
PLANT_19,1600109
PLANT_19,1600194
PLANT_19,1600135
PLANT_19,1600024
PLANT_19,1600031
PLANT_19,1600054
PLANT_19,1600161
PLANT_19,1600030
PLANT_19,1600192
PLANT_19,1600159
PLANT_19,1600006
PLANT_19,1600096
PLANT_19,1600067
PLANT_19,1600105
PLANT_19,1600171
PLANT_19,1600196
PLANT_19,1600093
PLANT_19,1600177
PLANT_19,1600137
PLANT_19,1600014
PLANT_19,1600072
PLANT_19,1600139
PLANT_19,1600193
PLANT_19,1600048
PLANT_19,1600071
PLANT_19,1600141
PLANT_19,1600039
PLANT_19,1600084
PLANT_19,1600011
PLANT_19,1600090
PLANT_19,1600147
PLANT_19,1600117
PLANT_19,1600015
PLANT_19,1600044
PLANT_19,1600164
PLANT_19,1600023
PLANT_19,1600163
PLANT_19,1600018
PLANT_19,1600102
PLANT_19,1600107
PLANT_19,1600176
PLANT_19,1600002
PLANT_19,1600110
PLANT_19,1600145
PLANT_19,1600098
PLANT_19,1600197
PLANT_19,1600043
PLANT_19,1600151
PLANT_19,1600099
PLANT_19,1600021
PLANT_19,1600148
PLANT_19,1600038
PLANT_19,1600070
PLANT_19,1600045
PLANT_19,1600132
PLANT_19,1600169
PLANT_19,1600179
PLANT_19,1600078
PLANT_19,1600156
PLANT_19,1600167
PLANT_19,1600065
PLANT_19,1600100
PLANT_19,1600007
PLANT_19,1600033
PLANT_19,1600140
PLANT_19,1600166
PLANT_19,1600037
PLANT_19,1600063
PLANT_19,1600180
PLANT_19,1600187
PLANT_19,1600032
PLANT_19,1600195
PLANT_19,1600061
PLANT_19,1600120
PLANT_19,1600062
PLANT_19,1600191
PLANT_19,1600142
PLANT_19,1600121
PLANT_19,1600013
PLANT_19,1600025
PLANT_19,1600189
PLANT_19,1600091
PLANT_19,1600115
PLANT_19,1600009
PLANT_19,1600127
PLANT_19,1600108
PLANT_19,1600158
PLANT_19,1600185
PLANT_19,1600138
PLANT_19,1600114
PLANT_19,1600152
PLANT_19,1600095
PLANT_19,1600034
PLANT_19,1600094
PLANT_19,1600069
PLANT_20,1600173
PLANT_20,1600125
PLANT_20,1600176
PLANT_20,1600169
PLANT_20,1600020
PLANT_20,1600059
PLANT_20,1600040
PLANT_20,1600029
PLANT_20,1600073
PLANT_20,1600167
PLANT_20,1600180
PLANT_20,1600098
PLANT_20,1600061
PLANT_20,1600101
PLANT_20,1600060
PLANT_20,1600170
PLANT_20,1600045
PLANT_20,1600047
PLANT_20,1600027
PLANT_20,1600004
PLANT_20,1600064
PLANT_20,1600038
PLANT_20,1600172
PLANT_20,1600085
PLANT_20,1600182
PLANT_20,1600146
PLANT_20,1600049
PLANT_20,1600135
PLANT_20,1600054
PLANT_20,1600168
PLANT_20,1600164
PLANT_20,1600179
PLANT_20,1600151
PLANT_20,1600012
PLANT_20,1600166
PLANT_20,1600163
PLANT_20,1600194
PLANT_20,1600082
PLANT_20,1600044
PLANT_20,1600190
PLANT_20,1600057
PLANT_20,1600015
PLANT_20,1600000
PLANT_20,1600093
PLANT_20,1600030
PLANT_20,1600062
PLANT_20,1600080
PLANT_20,1600097
PLANT_20,1600162
PLANT_20,1600114
PLANT_20,1600142
PLANT_20,1600024
PLANT_20,1600036
PLANT_20,1600001
PLANT_20,1600153
PLANT_20,1600104
PLANT_20,1600131
PLANT_20,1600076
PLANT_20,1600198
PLANT_20,1600191
PLANT_20,1600137
PLANT_20,1600018
PLANT_20,1600139
PLANT_20,1600187
PLANT_20,1600046
PLANT_20,1600025
PLANT_20,1600063
PLANT_20,1600136
PLANT_20,1600039
PLANT_20,1600120
PLANT_20,1600199
PLANT_20,1600022
PLANT_20,1600158
PLANT_20,1600103
PLANT_09,1600007
PLANT_02,1600013
PLANT_14,1600027
PLANT_13,1600031
PLANT_14,1600049
PLANT_09,1600051
PLANT_09,1600057
PLANT_13,1600080
PLANT_09,1600092
PLANT_13,1600093
PLANT_14,1600097
PLANT_02,1600102
PLANT_13,1600110
PLANT_13,1600112
PLANT_09,1600129
PLANT_14,1600132
PLANT_09,1600135
PLANT_14,1600139
PLANT_13,1600141
PLANT_09,1600142
PLANT_13,1600143
PLANT_09,1600149
PLANT_13,1600166
PLANT_14,1600173
PLANT_14,1600178
PLANT_14,1600183
PLANT_02,1600186
PLANT_13,1600188
